<metadata xml:lang="en"><Esri><CreaDate>20150731</CreaDate><CreaTime>12372100</CreaTime><ArcGISFormat>1.0</ArcGISFormat><SyncOnce>FALSE</SyncOnce><DataProperties><itemProps><itemName Sync="TRUE">heliport</itemName><imsContentType Sync="TRUE">002</imsContentType><itemLocation><linkage Sync="TRUE">file://\\MRUANE\dvrpc_shared\PhillyFreightFinder\DataOutput\heliport.shp</linkage><protocol Sync="TRUE">Local Area Network</protocol></itemLocation><nativeExtBox><westBL Sync="TRUE">-75.141288</westBL><eastBL Sync="TRUE">-75.141288</eastBL><southBL Sync="TRUE">39.937335</southBL><northBL Sync="TRUE">39.937335</northBL><exTypeCode Sync="TRUE">1</exTypeCode></nativeExtBox><itemSize Sync="TRUE">0.000</itemSize></itemProps><coordRef><type Sync="TRUE">Geographic</type><geogcsn Sync="TRUE">GCS_WGS_1984</geogcsn><csUnits Sync="TRUE">Angular Unit: Degree (0.017453)</csUnits><peXml Sync="TRUE">&lt;GeographicCoordinateSystem xsi:type='typens:GeographicCoordinateSystem' xmlns:xsi='http://www.w3.org/2001/XMLSchema-instance' xmlns:xs='http://www.w3.org/2001/XMLSchema' xmlns:typens='http://www.esri.com/schemas/ArcGIS/10.3'&gt;&lt;WKT&gt;GEOGCS[&amp;quot;GCS_WGS_1984&amp;quot;,DATUM[&amp;quot;D_WGS_1984&amp;quot;,SPHEROID[&amp;quot;WGS_1984&amp;quot;,6378137.0,298.257223563]],PRIMEM[&amp;quot;Greenwich&amp;quot;,0.0],UNIT[&amp;quot;Degree&amp;quot;,0.0174532925199433],AUTHORITY[&amp;quot;EPSG&amp;quot;,4326]]&lt;/WKT&gt;&lt;XOrigin&gt;-400&lt;/XOrigin&gt;&lt;YOrigin&gt;-400&lt;/YOrigin&gt;&lt;XYScale&gt;11258999068426.238&lt;/XYScale&gt;&lt;ZOrigin&gt;-100000&lt;/ZOrigin&gt;&lt;ZScale&gt;10000&lt;/ZScale&gt;&lt;MOrigin&gt;-100000&lt;/MOrigin&gt;&lt;MScale&gt;10000&lt;/MScale&gt;&lt;XYTolerance&gt;8.983152841195215e-009&lt;/XYTolerance&gt;&lt;ZTolerance&gt;0.001&lt;/ZTolerance&gt;&lt;MTolerance&gt;0.001&lt;/MTolerance&gt;&lt;HighPrecision&gt;true&lt;/HighPrecision&gt;&lt;LeftLongitude&gt;-180&lt;/LeftLongitude&gt;&lt;WKID&gt;4326&lt;/WKID&gt;&lt;LatestWKID&gt;4326&lt;/LatestWKID&gt;&lt;/GeographicCoordinateSystem&gt;</peXml></coordRef><lineage><Process ToolSource="c:\program files (x86)\arcgis\desktop10.3\ArcToolbox\Toolboxes\Data Management Tools.tbx\RegisterAsVersioned" Date="20150803" Time="112914">RegisterAsVersioned C:\SDEConnectionFiles\ProdAuth\FREIGHT_OWNER@PRODAUTH.sde\FREIGHT.heliport NO_EDITS_TO_BASE</Process><Process ToolSource="c:\program files (x86)\arcgis\desktop10.3\ArcToolbox\Toolboxes\Data Management Tools.tbx\AddGlobalIDs" Date="20150803" Time="113224">AddGlobalIDs C:\SDEConnectionFiles\ProdAuth\FREIGHT_OWNER@PRODAUTH.sde\FREIGHT.airport_pts;C:\SDEConnectionFiles\ProdAuth\FREIGHT_OWNER@PRODAUTH.sde\FREIGHT.airport_pts_airports;C:\SDEConnectionFiles\ProdAuth\FREIGHT_OWNER@PRODAUTH.sde\FREIGHT.airports;C:\SDEConnectionFiles\ProdAuth\FREIGHT_OWNER@PRODAUTH.sde\FREIGHT.anchorage_pts;C:\SDEConnectionFiles\ProdAuth\FREIGHT_OWNER@PRODAUTH.sde\FREIGHT.anchorages;C:\SDEConnectionFiles\ProdAuth\FREIGHT_OWNER@PRODAUTH.sde\FREIGHT.anchorages_anchorage_pts;C:\SDEConnectionFiles\ProdAuth\FREIGHT_OWNER@PRODAUTH.sde\FREIGHT.energy_storage;C:\SDEConnectionFiles\ProdAuth\FREIGHT_OWNER@PRODAUTH.sde\FREIGHT.energy_terminals;C:\SDEConnectionFiles\ProdAuth\FREIGHT_OWNER@PRODAUTH.sde\FREIGHT.energy_terminals_ports;C:\SDEConnectionFiles\ProdAuth\FREIGHT_OWNER@PRODAUTH.sde\FREIGHT.freight_center_pts;C:\SDEConnectionFiles\ProdAuth\FREIGHT_OWNER@PRODAUTH.sde\FREIGHT.freight_center_pts_freight_centers;C:\SDEConnectionFiles\ProdAuth\FREIGHT_OWNER@PRODAUTH.sde\FREIGHT.freight_centers;C:\SDEConnectionFiles\ProdAuth\FREIGHT_OWNER@PRODAUTH.sde\FREIGHT.freight_centers_freight_rail;C:\SDEConnectionFiles\ProdAuth\FREIGHT_OWNER@PRODAUTH.sde\FREIGHT.freight_rail;C:\SDEConnectionFiles\ProdAuth\FREIGHT_OWNER@PRODAUTH.sde\FREIGHT.good_neighbor_pts;C:\SDEConnectionFiles\ProdAuth\FREIGHT_OWNER@PRODAUTH.sde\FREIGHT.heliport;C:\SDEConnectionFiles\ProdAuth\FREIGHT_OWNER@PRODAUTH.sde\FREIGHT.highways;C:\SDEConnectionFiles\ProdAuth\FREIGHT_OWNER@PRODAUTH.sde\FREIGHT.intermodal;C:\SDEConnectionFiles\ProdAuth\FREIGHT_OWNER@PRODAUTH.sde\FREIGHT.intermodal_freight_centers;C:\SDEConnectionFiles\ProdAuth\FREIGHT_OWNER@PRODAUTH.sde\FREIGHT.intermodal_freight_rail;C:\SDEConnectionFiles\ProdAuth\FREIGHT_OWNER@PRODAUTH.sde\FREIGHT.intermodal_nhs_connectors;C:\SDEConnectionFiles\ProdAuth\FREIGHT_OWNER@PRODAUTH.sde\FREIGHT.intermodal_pts;C:\SDEConnectionFiles\ProdAuth\FREIGHT_OWNER@PRODAUTH.sde\FREIGHT.intermodal_pts_intermodal;C:\SDEConnectionFiles\ProdAuth\FREIGHT_OWNER@PRODAUTH.sde\FREIGHT.maintained_channel;C:\SDEConnectionFiles\ProdAuth\FREIGHT_OWNER@PRODAUTH.sde\FREIGHT.ndc_link_tons;C:\SDEConnectionFiles\ProdAuth\FREIGHT_OWNER@PRODAUTH.sde\FREIGHT.nhs_connector_pts;C:\SDEConnectionFiles\ProdAuth\FREIGHT_OWNER@PRODAUTH.sde\FREIGHT.nhs_connector_pts_nhs_connectors;C:\SDEConnectionFiles\ProdAuth\FREIGHT_OWNER@PRODAUTH.sde\FREIGHT.nhs_connectors;C:\SDEConnectionFiles\ProdAuth\FREIGHT_OWNER@PRODAUTH.sde\FREIGHT.nhs_connectors_highways;C:\SDEConnectionFiles\ProdAuth\FREIGHT_OWNER@PRODAUTH.sde\FREIGHT.pff_feature_prefix;C:\SDEConnectionFiles\ProdAuth\FREIGHT_OWNER@PRODAUTH.sde\FREIGHT.pff_grade_xings;C:\SDEConnectionFiles\ProdAuth\FREIGHT_OWNER@PRODAUTH.sde\FREIGHT.pff_grade_xings_freight_rail;C:\SDEConnectionFiles\ProdAuth\FREIGHT_OWNER@PRODAUTH.sde\FREIGHT.pipelines;C:\SDEConnectionFiles\ProdAuth\FREIGHT_OWNER@PRODAUTH.sde\FREIGHT.port_pts;C:\SDEConnectionFiles\ProdAuth\FREIGHT_OWNER@PRODAUTH.sde\FREIGHT.port_pts_ports;C:\SDEConnectionFiles\ProdAuth\FREIGHT_OWNER@PRODAUTH.sde\FREIGHT.ports;C:\SDEConnectionFiles\ProdAuth\FREIGHT_OWNER@PRODAUTH.sde\FREIGHT.ports_freight_centers;C:\SDEConnectionFiles\ProdAuth\FREIGHT_OWNER@PRODAUTH.sde\FREIGHT.ports_river;C:\SDEConnectionFiles\ProdAuth\FREIGHT_OWNER@PRODAUTH.sde\FREIGHT.ports_ship_call_activity;C:\SDEConnectionFiles\ProdAuth\FREIGHT_OWNER@PRODAUTH.sde\FREIGHT.product_pipelines;C:\SDEConnectionFiles\ProdAuth\FREIGHT_OWNER@PRODAUTH.sde\FREIGHT.rail_mileposts;C:\SDEConnectionFiles\ProdAuth\FREIGHT_OWNER@PRODAUTH.sde\FREIGHT.rail_mileposts_freight_rail;C:\SDEConnectionFiles\ProdAuth\FREIGHT_OWNER@PRODAUTH.sde\FREIGHT.rail_yard_pts;C:\SDEConnectionFiles\ProdAuth\FREIGHT_OWNER@PRODAUTH.sde\FREIGHT.rail_yard_pts_rail_yards;C:\SDEConnectionFiles\ProdAuth\FREIGHT_OWNER@PRODAUTH.sde\FREIGHT.rail_yards;C:\SDEConnectionFiles\ProdAuth\FREIGHT_OWNER@PRODAUTH.sde\FREIGHT.rail_yards_freight_rail;C:\SDEConnectionFiles\ProdAuth\FREIGHT_OWNER@PRODAUTH.sde\FREIGHT.river;C:\SDEConnectionFiles\ProdAuth\FREIGHT_OWNER@PRODAUTH.sde\FREIGHT.river_channel;C:\SDEConnectionFiles\ProdAuth\FREIGHT_OWNER@PRODAUTH.sde\FREIGHT.river_channel_river;C:\SDEConnectionFiles\ProdAuth\FREIGHT_OWNER@PRODAUTH.sde\FREIGHT.river_crossings;C:\SDEConnectionFiles\ProdAuth\FREIGHT_OWNER@PRODAUTH.sde\FREIGHT.river_ndc_links;C:\SDEConnectionFiles\ProdAuth\FREIGHT_OWNER@PRODAUTH.sde\FREIGHT.river_ndc_links_ndc_link_tons;C:\SDEConnectionFiles\ProdAuth\FREIGHT_OWNER@PRODAUTH.sde\FREIGHT.ship_call_activity;C:\SDEConnectionFiles\ProdAuth\FREIGHT_OWNER@PRODAUTH.sde\FREIGHT.truck_parking;C:\SDEConnectionFiles\ProdAuth\FREIGHT_OWNER@PRODAUTH.sde\FREIGHT.truck_parking_pts;C:\SDEConnectionFiles\ProdAuth\FREIGHT_OWNER@PRODAUTH.sde\FREIGHT.truck_parking_pts_truck_parking</Process><Process ToolSource="c:\program files (x86)\arcgis\desktop10.3\ArcToolbox\Toolboxes\Data Management Tools.tbx\CopyFeatures" Date="20160105" Time="145518">CopyFeatures C:\Users\mruane\AppData\Roaming\ESRI\Desktop10.3\ArcCatalog\FREIGHT_OWNER@PRODAUTH.sde\FREIGHT.heliport D:\dvrpc_shared\PhillyFreightFinder\DataOutput\heliport.shp # 0 0 0</Process><Process ToolSource="c:\program files (x86)\arcgis\desktop10.3\ArcToolbox\Toolboxes\Data Management Tools.tbx\DeleteField" Date="20160105" Time="145536">DeleteField D:\dvrpc_shared\PhillyFreightFinder\DataOutput\heliport.shp OBJECTID</Process><Process ToolSource="c:\program files (x86)\arcgis\desktop10.3\ArcToolbox\Toolboxes\Data Management Tools.tbx\DeleteField" Date="20160105" Time="145536">DeleteField D:\dvrpc_shared\PhillyFreightFinder\DataOutput\heliport.shp GLOBALID</Process><Process ToolSource="c:\program files (x86)\arcgis\desktop10.3\ArcToolbox\Toolboxes\Data Management Tools.tbx\DeleteField" Date="20160105" Time="145536">DeleteField D:\dvrpc_shared\PhillyFreightFinder\DataOutput\heliport.shp SHAPE_AREA</Process><Process ToolSource="c:\program files (x86)\arcgis\desktop10.3\ArcToolbox\Toolboxes\Data Management Tools.tbx\DeleteField" Date="20160105" Time="145536">DeleteField D:\dvrpc_shared\PhillyFreightFinder\DataOutput\heliport.shp SHAPE_LEN</Process></lineage></DataProperties><SyncDate>20160105</SyncDate><SyncTime>14551800</SyncTime><ModDate>20160105</ModDate><ModTime>14551800</ModTime></Esri><dataIdInfo><envirDesc Sync="TRUE">Microsoft Windows 7 Version 6.1 (Build 7601) Service Pack 1; Esri ArcGIS 10.3.0.4322</envirDesc><dataLang><languageCode value="eng" Sync="TRUE"></languageCode><countryCode value="USA" Sync="TRUE"></countryCode></dataLang><idCitation><resTitle Sync="TRUE">heliport</resTitle><presForm><PresFormCd value="005" Sync="TRUE"></PresFormCd></presForm></idCitation><spatRpType><SpatRepTypCd value="001" Sync="TRUE"></SpatRepTypCd></spatRpType><dataExt><geoEle><GeoBndBox esriExtentType="search"><exTypeCode Sync="TRUE">1</exTypeCode><westBL Sync="TRUE">-75.141288</westBL><eastBL Sync="TRUE">-75.141288</eastBL><northBL Sync="TRUE">39.937335</northBL><southBL Sync="TRUE">39.937335</southBL></GeoBndBox></geoEle></dataExt></dataIdInfo><mdLang><languageCode value="eng" Sync="TRUE"></languageCode><countryCode value="USA" Sync="TRUE"></countryCode></mdLang><distInfo><distFormat><formatName Sync="TRUE">Shapefile</formatName></distFormat><distTranOps><transSize Sync="TRUE">0.000</transSize></distTranOps></distInfo><mdHrLv><ScopeCd value="005" Sync="TRUE"></ScopeCd></mdHrLv><mdHrLvName Sync="TRUE">dataset</mdHrLvName><refSysInfo><RefSystem><refSysID><identCode code="4326" Sync="TRUE"></identCode><idCodeSpace Sync="TRUE">EPSG</idCodeSpace><idVersion Sync="TRUE">8.2.6</idVersion></refSysID></RefSystem></refSysInfo><spatRepInfo><VectSpatRep><geometObjs Name="heliport"><geoObjTyp><GeoObjTypCd value="004" Sync="TRUE"></GeoObjTypCd></geoObjTyp><geoObjCnt Sync="TRUE">0</geoObjCnt></geometObjs><topLvl><TopoLevCd value="001" Sync="TRUE"></TopoLevCd></topLvl></VectSpatRep></spatRepInfo><spdoinfo><ptvctinf><esriterm Name="heliport"><efeatyp Sync="TRUE">Simple</efeatyp><efeageom code="1" Sync="TRUE"></efeageom><esritopo Sync="TRUE">FALSE</esritopo><efeacnt Sync="TRUE">0</efeacnt><spindex Sync="TRUE">FALSE</spindex><linrefer Sync="TRUE">FALSE</linrefer></esriterm></ptvctinf></spdoinfo><eainfo><detailed Name="heliport"><enttyp><enttypl Sync="TRUE">heliport</enttypl><enttypt Sync="TRUE">Feature Class</enttypt><enttypc Sync="TRUE">0</enttypc></enttyp><attr><attrlabl Sync="TRUE">FID</attrlabl><attalias Sync="TRUE">FID</attalias><attrtype Sync="TRUE">OID</attrtype><attwidth Sync="TRUE">4</attwidth><atprecis Sync="TRUE">0</atprecis><attscale Sync="TRUE">0</attscale><attrdef Sync="TRUE">Internal feature number.</attrdef><attrdefs Sync="TRUE">Esri</attrdefs><attrdomv><udom Sync="TRUE">Sequential unique whole numbers that are automatically generated.</udom></attrdomv></attr><attr><attrlabl Sync="TRUE">Shape</attrlabl><attalias Sync="TRUE">Shape</attalias><attrtype Sync="TRUE">Geometry</attrtype><attwidth Sync="TRUE">0</attwidth><atprecis Sync="TRUE">0</atprecis><attscale Sync="TRUE">0</attscale><attrdef Sync="TRUE">Feature geometry.</attrdef><attrdefs Sync="TRUE">Esri</attrdefs><attrdomv><udom Sync="TRUE">Coordinates defining the features.</udom></attrdomv></attr><attr><attrlabl Sync="TRUE">OBJECTID</attrlabl><attalias Sync="TRUE">OBJECTID</attalias><attrtype Sync="TRUE">Double</attrtype><attwidth Sync="TRUE">19</attwidth><atprecis Sync="TRUE">18</atprecis><attscale Sync="TRUE">8</attscale></attr><attr><attrlabl Sync="TRUE">Type</attrlabl><attalias Sync="TRUE">TYPE</attalias><attrtype Sync="TRUE">String</attrtype><attwidth Sync="TRUE">254</attwidth><atprecis Sync="TRUE">0</atprecis><attscale Sync="TRUE">0</attscale></attr><attr><attrlabl Sync="TRUE">pff_id</attrlabl><attalias Sync="TRUE">PFF_ID</attalias><attrtype Sync="TRUE">String</attrtype><attwidth Sync="TRUE">254</attwidth><atprecis Sync="TRUE">0</atprecis><attscale Sync="TRUE">0</attscale></attr><attr><attrlabl Sync="TRUE">StateNam</attrlabl><attalias Sync="TRUE">STATENAM</attalias><attrtype Sync="TRUE">String</attrtype><attwidth Sync="TRUE">254</attwidth><atprecis Sync="TRUE">0</atprecis><attscale Sync="TRUE">0</attscale></attr><attr><attrlabl Sync="TRUE">County</attrlabl><attalias Sync="TRUE">COUNTY</attalias><attrtype Sync="TRUE">String</attrtype><attwidth Sync="TRUE">254</attwidth><atprecis Sync="TRUE">0</atprecis><attscale Sync="TRUE">0</attscale></attr><attr><attrlabl Sync="TRUE">City</attrlabl><attalias Sync="TRUE">CITY</attalias><attrtype Sync="TRUE">String</attrtype><attwidth Sync="TRUE">254</attwidth><atprecis Sync="TRUE">0</atprecis><attscale Sync="TRUE">0</attscale></attr><attr><attrlabl Sync="TRUE">Facility</attrlabl><attalias Sync="TRUE">FACILITY</attalias><attrtype Sync="TRUE">String</attrtype><attwidth Sync="TRUE">254</attwidth><atprecis Sync="TRUE">0</atprecis><attscale Sync="TRUE">0</attscale></attr><attr><attrlabl Sync="TRUE">Ownershi</attrlabl><attalias Sync="TRUE">OWNERSHI</attalias><attrtype Sync="TRUE">String</attrtype><attwidth Sync="TRUE">254</attwidth><atprecis Sync="TRUE">0</atprecis><attscale Sync="TRUE">0</attscale></attr><attr><attrlabl Sync="TRUE">Use</attrlabl><attalias Sync="TRUE">USE</attalias><attrtype Sync="TRUE">String</attrtype><attwidth Sync="TRUE">254</attwidth><atprecis Sync="TRUE">0</atprecis><attscale Sync="TRUE">0</attscale></attr><attr><attrlabl Sync="TRUE">Owner</attrlabl><attalias Sync="TRUE">OWNER</attalias><attrtype Sync="TRUE">String</attrtype><attwidth Sync="TRUE">254</attwidth><atprecis Sync="TRUE">0</atprecis><attscale Sync="TRUE">0</attscale></attr><attr><attrlabl Sync="TRUE">SIZE_</attrlabl><attalias Sync="TRUE">SIZE_</attalias><attrtype Sync="TRUE">String</attrtype><attwidth Sync="TRUE">254</attwidth><atprecis Sync="TRUE">0</atprecis><attscale Sync="TRUE">0</attscale></attr><attr><attrlabl Sync="TRUE">Report</attrlabl><attalias Sync="TRUE">REPORT</attalias><attrtype Sync="TRUE">String</attrtype><attwidth Sync="TRUE">254</attwidth><atprecis Sync="TRUE">0</atprecis><attscale Sync="TRUE">0</attscale></attr></detailed></eainfo><mdDateSt Sync="TRUE">20160105</mdDateSt></metadata>
